District/School Name,District/School Code
Abby Kelley Foster Charter Public (District),04450000
Abington,00010000
Academy Of the Pacific Rim Charter Public (District),04120000
Acton-Boxborough,06000000
Acushnet,00030000
Advanced Math and Science Academy Charter (District),04300000
Agawam,00050000
Alma del Mar Charter School (District),04090000
Amesbury,00070000
Amherst,00080000
Amherst-Pelham,06050000
Andover,00090000
Argosy Collegiate Charter School (District),35090000
Arlington,00100000
Ashburnham-Westminster,06100000
Ashland,00140000
Assabet Valley Regional Vocational Technical,08010000
Athol-Royalston,06150000
Atlantis Charter (District),04910000
Attleboro,00160000
Auburn,00170000
Avon,00180000
Ayer Shirley School District,06160000
Barnstable,00200000
Baystate Academy Charter Public School (District),35020000
Bedford,00230000
Belchertown,00240000
Bellingham,00250000
Belmont,00260000
Benjamin Banneker Charter Public (District),04200000
Benjamin Franklin Classical Charter Public (District),04470000
Berkley,00270000
Berkshire Arts and Technology Charter Public (District),04140000
Berkshire Hills,06180000
Berlin-Boylston,06200000
Beverly,00300000
Billerica,00310000
Blackstone Valley Regional Vocational Technical,08050000
Blackstone-Millville,06220000
Blue Hills Regional Vocational Technical,08060000
Boston,00350000
Boston Collegiate Charter (District),04490000
Boston Day and Evening Academy Charter (District),04240000
Boston Green Academy Horace Mann Charter School (District),04110000
Boston Preparatory Charter Public (District),04160000
Boston Renaissance Charter Public (District),04810000
Bourne,00360000
Boxford,00380000
Braintree,00400000
Brewster,00410000
Bridge Boston Charter School (District),04170000
Bridgewater-Raynham,06250000
Brimfield,00430000
Bristol County Agricultural,09100000
Bristol-Plymouth Regional Vocational Technical,08100000
Brockton,00440000
Brooke Charter School (District),04280000
Brookfield,00450000
Brookline,00460000
Burlington,00480000
Cambridge,00490000
Canton,00500000
Cape Cod Lighthouse Charter (District),04320000
Cape Cod Regional Vocational Technical,08150000
Carlisle,00510000
Carver,00520000
Central Berkshire,06350000
Chelmsford,00560000
Chelsea,00570000
Chesterfield-Goshen,06320000
Chicopee,00610000
Christa McAuliffe Charter Public (District),04180000
City on a Hill Charter Public School Circuit Street (District),04370000
Clarksburg,00630000
Clinton,00640000
Codman Academy Charter Public (District),04380000
Cohasset,00650000
Collegiate Charter School of Lowell (District),35030000
Community Charter School of Cambridge (District),04360000
Community Day Charter Public School - Gateway (District),04260000
Community Day Charter Public School - Prospect (District),04400000
Community Day Charter Public School - R. Kingman Webster (District),04310000
Concord,00670000
Concord-Carlisle,06400000
Conservatory Lab Charter (District),04390000
Conway,00680000
Danvers,00710000
Dartmouth,00720000
Dedham,00730000
Deerfield,00740000
Dennis-Yarmouth,06450000
Dighton-Rehoboth,06500000
Douglas,00770000
Dover,00780000
Dover-Sherborn,06550000
Dracut,00790000
Dudley Street Neighborhood Charter School (District),04070000
Dudley-Charlton Reg,06580000
Duxbury,00820000
East Bridgewater,00830000
East Longmeadow,00870000
Eastham,00850000
Easthampton,00860000
Easton,00880000
Edgartown,00890000
Edward M. Kennedy Academy for Health Careers (Horace Mann Charter) (District),04520000
Erving,00910000
Essex North Shore Agricultural and Technical School District,08170000
Everett,00930000
Excel Academy Charter (District),04100000
Fairhaven,00940000
Fall River,00950000
Falmouth,00960000
Farmington River Reg,06620000
Fitchburg,00970000
Florida,00980000
Four Rivers Charter Public (District),04130000
Foxborough,00990000
Foxborough Regional Charter (District),04460000
Framingham,01000000
Francis W. Parker Charter Essential (District),04780000
Franklin,01010000
Franklin County Regional Vocational Technical,08180000
Freetown-Lakeville,06650000
Frontier,06700000
Gardner,01030000
Gateway,06720000
Georgetown,01050000
Gill-Montague,06740000
Global Learning Charter Public (District),04960000
Gloucester,01070000
Gosnold,01090000
Grafton,01100000
Granby,01110000
Greater Fall River Regional Vocational Technical,08210000
Greater Lawrence Regional Vocational Technical,08230000
Greater Lowell Regional Vocational Technical,08280000
Greater New Bedford Regional Vocational Technical,08250000
Greenfield,01140000
Greenfield Commonwealth Virtual District,39010000
Groton-Dunstable,06730000
Hadley,01170000
Halifax,01180000
Hamilton-Wenham,06750000
Hampden Charter School of Science East (District),04990000
Hampden Charter School of Science West (District),35160000
Hampden-Wilbraham,06800000
Hampshire,06830000
Hancock,01210000
Hanover,01220000
Harvard,01250000
Hatfield,01270000
Haverhill,01280000
Hawlemont,06850000
Helen Y. Davis Leadership Academy Charter Public (District),04190000
Hill View Montessori Charter Public (District),04550000
Hilltown Cooperative Charter Public (District),04500000
Hingham,01310000
Holbrook,01330000
Holland,01350000
Holliston,01360000
Holyoke,01370000
Holyoke Community Charter (District),04530000
Hoosac Valley Regional,06030000
Hopedale,01380000
Hopkinton,01390000
Hudson,01410000
Hull,01420000
Innovation Academy Charter (District),04350000
Ipswich,01440000
KIPP Academy Boston Charter School (District),04630000
KIPP Academy Lynn Charter (District),04290000
King Philip,06900000
Kingston,01450000
Lawrence,01490000
Lawrence Family Development Charter (District),04540000
Learning First Charter Public School (District),04860000
Lee,01500000
Leicester,01510000
Lenox,01520000
Leominster,01530000
Leverett,01540000
Lexington,01550000
Libertas Academy Charter School (District),35140000
Lincoln,01570000
Lincoln-Sudbury,06950000
Littleton,01580000
Longmeadow,01590000
Lowell,01600000
Lowell Community Charter Public (District),04560000
Lowell Middlesex Academy Charter (District),04580000
Ludlow,01610000
Lunenburg,01620000
Lynn,01630000
Lynnfield,01640000
MATCH Charter Public School (District),04690000
Ma Academy for Math and Science,04680000
Malden,01650000
Manchester Essex Regional,06980000
Mansfield,01670000
Map Academy Charter School (District),35170000
Marblehead,01680000
Marblehead Community Charter Public (District),04640000
Marion,01690000
Marlborough,01700000
Marshfield,01710000
Martha's Vineyard,07000000
Martha's Vineyard Charter (District),04660000
Martin Luther King Jr. Charter School of Excellence (District),04920000
Masconomet,07050000
Mashpee,01720000
Mattapoisett,01730000
Maynard,01740000
Medfield,01750000
Medford,01760000
Medway,01770000
Melrose,01780000
Mendon-Upton,07100000
Methuen,01810000
Middleborough,01820000
Middleton,01840000
Milford,01850000
Millbury,01860000
Millis,01870000
Milton,01890000
Minuteman Regional Vocational Technical,08300000
Mohawk Trail,07170000
Monomoy Regional School District,07120000
Monson,01910000
Montachusett Regional Vocational Technical,08320000
Mount Greylock,07150000
Mystic Valley Regional Charter (District),04700000
Nahant,01960000
Nantucket,01970000
Narragansett,07200000
Nashoba,07250000
Nashoba Valley Regional Vocational Technical,08520000
Natick,01980000
Nauset,06600000
Needham,01990000
Neighborhood House Charter (District),04440000
New Bedford,02010000
New Heights Charter School of Brockton (District),35130000
New Salem-Wendell,07280000
Newburyport,02040000
Newton,02070000
Norfolk,02080000
Norfolk County Agricultural,09150000
North Adams,02090000
North Andover,02110000
North Attleborough,02120000
North Brookfield,02150000
North Middlesex,07350000
North Reading,02170000
Northampton,02100000
Northampton-Smith Vocational Agricultural,04060000
Northboro-Southboro,07300000
Northborough,02130000
Northbridge,02140000
Northeast Metropolitan Regional Vocational Technical,08530000
Northern Berkshire Regional Vocational Technical,08510000
Norton,02180000
Norwell,02190000
Norwood,02200000
Oak Bluffs,02210000
Old Colony Regional Vocational Technical,08550000
Old Rochester,07400000
Old Sturbridge Academy Charter Public School (District),35150000
Orange,02230000
Orleans,02240000
Oxford,02260000
Palmer,02270000
Pathfinder Regional Vocational Technical,08600000
Paulo Freire Social Justice Charter School (District),35010000
Peabody,02290000
Pelham,02300000
Pembroke,02310000
Pentucket,07450000
Petersham,02340000
Phoenix Academy Public Charter High School Lawrence (District),35180000
Phoenix Academy Public Charter High School Springfield (District),35080000
Phoenix Charter Academy (District),04930000
Pioneer Charter School of Science (District),04940000
Pioneer Charter School of Science II (PCSS-II) (District),35060000
Pioneer Valley,07500000
Pioneer Valley Chinese Immersion Charter (District),04970000
Pioneer Valley Performing Arts Charter Public (District),04790000
Pittsfield,02360000
Plainville,02380000
Plymouth,02390000
Plympton,02400000
Prospect Hill Academy Charter (District),04870000
Provincetown,02420000
Quabbin,07530000
Quaboag Regional,07780000
Quincy,02430000
Ralph C Mahar,07550000
Randolph,02440000
Reading,02460000
Revere,02480000
Richmond,02490000
Rising Tide Charter Public (District),04830000
River Valley Charter (District),04820000
Rochester,02500000
Rockland,02510000
Rockport,02520000
Rowe,02530000
Roxbury Preparatory Charter (District),04840000
Sabis International Charter (District),04410000
Salem,02580000
Salem Academy Charter (District),04850000
Sandwich,02610000
Saugus,02620000
Savoy,02630000
Scituate,02640000
Seekonk,02650000
Sharon,02660000
Shawsheen Valley Regional Vocational Technical,08710000
Sherborn,02690000
Shrewsbury,02710000
Shutesbury,02720000
Silver Lake,07600000
Sizer School: A North Central Charter Essential (District),04740000
Somerset,02730000
Somerset Berkley Regional School District,07630000
Somerville,02740000
South Hadley,02780000
South Middlesex Regional Vocational Technical,08290000
South Shore Charter Public (District),04880000
South Shore Regional Vocational Technical,08730000
Southampton,02750000
Southborough,02760000
Southbridge,02770000
Southeastern Regional Vocational Technical,08720000
Southern Berkshire,07650000
Southern Worcester County Regional Vocational Technical,08760000
Southwick-Tolland-Granville Regional School District,07660000
Spencer-E Brookfield,07670000
Springfield,02810000
Springfield Preparatory Charter School (District),35100000
Stoneham,02840000
Stoughton,02850000
Sturbridge,02870000
Sturgis Charter Public (District),04890000
Sudbury,02880000
Sunderland,02890000
Sutton,02900000
Swampscott,02910000
Swansea,02920000
TEC Connections Academy Commonwealth Virtual School District,39020000
Tantasqua,07700000
Taunton,02930000
Tewksbury,02950000
Tisbury,02960000
Topsfield,02980000
Tri-County Regional Vocational Technical,08780000
Triton,07730000
Truro,03000000
Tyngsborough,03010000
UP Academy Charter School of Boston (District),04800000
UP Academy Charter School of Dorchester (District),35050000
Up-Island Regional,07740000
Upper Cape Cod Regional Vocational Technical,08790000
Uxbridge,03040000
Veritas Preparatory Charter School (District),04980000
Wachusett,07750000
Wakefield,03050000
Wales,03060000
Walpole,03070000
Waltham,03080000
Ware,03090000
Wareham,03100000
Watertown,03140000
Wayland,03150000
Webster,03160000
Wellesley,03170000
Wellfleet,03180000
West Boylston,03220000
West Bridgewater,03230000
West Springfield,03320000
Westborough,03210000
Westfield,03250000
Westford,03260000
Westhampton,03270000
Weston,03300000
Westport,03310000
Westwood,03350000
Weymouth,03360000
Whately,03370000
Whitman-Hanson,07800000
Whittier Regional Vocational Technical,08850000
Williamsburg,03400000
Wilmington,03420000
Winchendon,03430000
Winchester,03440000
Winthrop,03460000
Woburn,03470000
Worcester,03480000
Worthington,03490000
Wrentham,03500000
State Totals,00000000
